run_id,makespan,energy,utilization,sla_violation
0,913.27,472890.74,0.8543,0.0326
1,918.83,463690.24,0.8075,0.0282
2,840.88,480887.04,0.8676,0.0383
3,856.26,530559.34,0.838,0.0437
4,951.66,464379.16,0.8139,0.0938
5,928.7,462631.12,0.8968,0.0114
6,995.38,539324.32,0.8455,0.0536
7,868.75,521226.79,0.8708,0.0467
8,881.58,451838.99,0.8621,0.0493
9,943.89,489466.15,0.8076,0.0699
10,893.73,471808.43,0.8523,0.0451
11,858.58,410317.01,0.8378,0.0521
12,1034.36,573318.51,0.7966,0.0947
13,924.35,582273.58,0.8579,0.0378
14,995.3,471105.54,0.8309,0.062
15,974.44,460875.08,0.8232,0.0645
16,998.18,461129.86,0.7911,0.0928
17,917.01,509023.79,0.834,0.0482
18,993.48,522289.92,0.8218,0.0468
19,826.59,403180.9,0.8588,0.0519
20,953.91,554885.49,0.8488,0.0552
21,971.25,556480.95,0.8478,0.0742
22,1047.81,550553.13,0.8313,0.0927
23,961.02,445024.48,0.7742,0.106
24,959.2,451826.15,0.8388,0.0549
25,985.08,545663.32,0.9038,0.0433
26,970.03,518761.23,0.8018,0.0733
27,1000.58,546608.75,0.8158,0.0435
28,908.19,479016.85,0.8292,0.0519
29,939.88,419359.73,0.8338,0.0578
30,1016.52,505734.27,0.7635,0.0552
31,1003.45,504188.11,0.7547,0.1155
32,840.68,478107.28,0.8665,0.025
33,1092.34,557443.63,0.8065,0.1009
34,1099.16,540313.14,0.8339,0.0654
35,813.4,466056.23,0.8927,0.0403
36,885.47,537695.3,0.8694,0.0199
37,938.47,528021.99,0.8756,0.0144
38,1068.88,511515.36,0.8019,0.0777
39,875.5,521398.04,0.8749,0.046
40,1039.18,562491.71,0.7813,0.057
41,933.38,551537.67,0.8473,0.0356
42,974.93,452909.44,0.8335,0.0931
43,1103.02,544979.12,0.8175,0.0522
44,946.86,438178.83,0.8228,0.045
45,1013.9,500059.41,0.8475,0.0322
46,839.02,422019.49,0.8551,0.0468
47,929.23,492907.66,0.8363,0.0465
48,889.87,432179.71,0.863,0.0429
49,910.06,485316.32,0.7983,0.0919
50,953.28,473549.86,0.8316,0.0579
51,1120.63,570329.16,0.7891,0.0418
52,914.74,448556.28,0.9087,0.0522
53,1058.35,547975.96,0.8312,0.0776
54,904.46,492425.66,0.8082,0.0403
55,893.92,498332.71,0.8494,0.0298
56,899.36,486614.84,0.8422,0.0392
57,838.84,535477.58,0.873,0.059
58,986.89,511764.87,0.8159,0.0618
59,906.1,474812.37,0.8185,0.0541
60,1137.98,566778.12,0.8066,0.0637
61,990.64,488490.72,0.809,0.0609
62,929.68,498957.2,0.8782,0.0217
63,1092.56,539250.07,0.8269,0.0801
64,897.62,479399.93,0.8573,0.067
65,813.63,444122.08,0.8469,0.0772
66,990.73,541238.37,0.8091,0.0499
67,938.94,535932.34,0.8342,0.0561
68,898.37,455484.28,0.8744,0.0342
69,968.28,583623.86,0.7824,0.0532
70,835.4,480739.32,0.8468,0.0323
71,887.06,498310.45,0.841,0.0687
72,1085.44,571251.0,0.8169,0.0801
73,1055.93,515251.91,0.8418,0.0747
74,1027.53,576187.8,0.8247,0.0592
75,960.31,460770.28,0.8276,0.0712
76,925.22,492253.74,0.8513,0.0747
77,936.12,475347.4,0.8321,0.0605
78,1034.85,467696.84,0.798,0.0807
79,926.08,556788.96,0.8726,0.0377
80,905.78,514345.89,0.8517,0.0638
81,943.45,449476.3,0.8306,0.0693
82,962.97,517572.17,0.8512,0.0438
83,872.72,438000.81,0.8354,0.04
84,914.85,472659.88,0.8851,0.071
85,989.6,487125.67,0.7697,0.0432
86,998.15,513887.91,0.7855,0.0915
87,916.46,530717.66,0.8413,0.0317
88,929.45,512812.56,0.8679,0.0309
89,1019.98,470658.97,0.8039,0.0837
90,919.04,519504.29,0.8275,0.057
91,941.74,496826.28,0.8151,0.0517
92,802.23,523073.09,0.8532,0.0231
93,958.07,515603.05,0.8317,0.0494
94,969.96,485608.65,0.813,0.0892
95,919.05,435143.85,0.8246,0.0571
96,1042.75,525646.65,0.8199,0.0912
97,983.37,519062.52,0.8128,0.0851
98,1028.3,487113.62,0.8401,0.0587
99,978.97,473922.19,0.8665,0.0684
100,962.81,562160.81,0.8134,0.0558
101,902.71,495760.26,0.8401,0.0616
102,818.52,475994.54,0.8619,0.0575
103,891.79,500417.14,0.8817,0.0397
104,785.66,463917.21,0.8608,0.0544
105,897.62,448400.66,0.8307,0.0872
106,803.88,468515.8,0.8414,0.0484
107,816.18,488042.38,0.8805,0.0167
108,937.23,466774.31,0.8732,0.045
109,906.48,495216.97,0.8354,0.0365
110,908.54,497478.27,0.8311,0.0531
111,851.75,435959.02,0.8322,0.0722
112,982.52,498565.34,0.797,0.0707
113,872.14,479819.7,0.8735,0.046
114,876.06,472577.43,0.8157,0.0669
115,977.56,521371.47,0.8521,0.0372
116,994.75,576842.92,0.8113,0.0503
117,940.77,462658.45,0.8083,0.0705
118,908.74,513985.44,0.8224,0.028
119,939.89,485509.14,0.8357,0.0366
120,1020.24,519491.7,0.8379,0.0752
121,908.35,486752.67,0.8209,0.0342
122,868.26,495367.01,0.8562,0.058
123,862.5,472540.32,0.8415,0.0621
124,966.72,459100.37,0.8522,0.0745
125,910.44,472842.32,0.8479,0.0803
126,815.16,419201.23,0.8804,0.0673
127,956.85,495770.91,0.7839,0.1085
128,860.05,461607.46,0.8336,0.0496
129,906.51,472939.5,0.8261,0.0616
130,1014.48,533457.47,0.7843,0.0506
131,974.72,526086.48,0.8414,0.0331
132,865.08,489759.47,0.8263,0.0392
133,1030.13,529763.62,0.8289,0.0878
134,947.2,499327.35,0.8249,0.0854
135,954.55,439503.25,0.8257,0.0752
136,884.27,542155.27,0.9154,0.0169
137,922.25,490375.83,0.8365,0.0466
138,1091.5,514615.52,0.8092,0.0526
139,924.33,508072.13,0.8277,0.0526
140,924.63,545361.39,0.8364,0.0809
141,995.18,532634.96,0.831,0.0979
142,1026.66,571840.41,0.8158,0.0699
143,879.35,521335.41,0.8404,0.0317
144,936.14,496794.95,0.7965,0.0677
145,879.49,480125.75,0.8454,0.0579
146,892.0,463718.18,0.8785,0.0407
147,938.71,507575.2,0.816,0.031
148,966.84,549028.61,0.8149,0.0517
149,956.43,555205.15,0.7988,0.0895
150,924.69,457945.8,0.8226,0.0656
151,880.7,495850.37,0.8421,0.0173
152,924.4,557465.59,0.8577,0.0535
153,943.63,527239.24,0.8241,0.0444
154,958.35,475798.17,0.8251,0.1006
155,953.09,473400.99,0.8024,0.0512
156,1007.51,502778.9,0.8271,0.06
157,778.81,488654.45,0.8697,0.0096
158,926.4,503330.05,0.825,0.0584
159,985.64,474105.12,0.8108,0.0716
160,902.09,490726.63,0.8168,0.0561
161,902.77,462570.37,0.8572,0.0453
162,945.75,525154.45,0.8089,0.0654
163,1002.26,518485.98,0.7912,0.0624
164,950.34,535697.55,0.8161,0.0632
165,1014.14,560580.58,0.7875,0.0647
166,920.01,492073.76,0.8437,0.0648
167,893.68,530635.26,0.8983,0.0303
168,908.22,458278.07,0.8026,0.0961
169,909.2,422930.63,0.8618,0.0393
170,890.18,517492.0,0.8409,0.0299
171,1025.71,487334.25,0.8308,0.0896
172,1016.83,503568.59,0.798,0.0905
173,841.76,543465.92,0.8793,0.0335
174,835.68,508661.68,0.877,0.0416
175,1037.93,534301.27,0.7397,0.0945
176,985.89,499359.31,0.8413,0.1188
177,1038.59,550835.74,0.8059,0.0522
178,823.38,460701.83,0.8689,0.062
179,1033.69,529601.04,0.8144,0.0441
180,851.15,445127.02,0.8443,0.0492
181,847.58,460938.51,0.8552,0.0469
182,1003.19,505904.54,0.7785,0.0795
183,944.54,472412.44,0.7971,0.0438
184,997.63,494978.53,0.8165,0.0629
185,970.82,496051.79,0.8417,0.0592
186,1098.97,551258.0,0.7984,0.1022
187,1037.5,510393.3,0.7877,0.0429
188,848.1,476415.2,0.8535,0.0622
189,1179.64,649908.31,0.8058,0.066
190,1066.64,561761.56,0.8022,0.0771
191,1079.9,556209.39,0.7841,0.0827
192,942.48,514331.51,0.8476,0.0675
193,944.07,554522.01,0.8331,0.0439
194,886.13,509861.01,0.8069,0.0663
195,1018.69,504078.08,0.8568,0.0277
196,1002.34,545468.66,0.8009,0.0886
197,981.18,529061.82,0.8065,0.0529
198,901.03,470879.06,0.824,0.0671
199,1012.33,576489.01,0.8092,0.0632
200,925.27,459752.9,0.8205,0.0492
201,877.75,528926.57,0.8865,0.0663
202,978.98,554310.08,0.8052,0.06
203,895.3,540236.94,0.8577,0.0537
204,861.52,484577.26,0.8552,0.0879
205,975.69,490824.67,0.8176,0.0354
206,967.44,540230.58,0.8095,0.0233
207,1051.61,565936.45,0.7937,0.0421
208,1137.48,547383.44,0.7764,0.0554
209,908.8,545616.67,0.7993,0.0537
210,926.71,489479.4,0.8297,0.0494
211,825.74,459454.14,0.8399,0.0239
212,963.83,514263.12,0.8135,0.0098
213,975.34,554604.9,0.8395,0.0528
214,815.83,499183.41,0.8615,0.0058
215,858.69,437333.01,0.8687,0.0365
216,932.94,490977.56,0.8443,0.0599
217,847.61,487283.25,0.8908,0.04
218,917.11,495384.69,0.7997,0.0657
219,994.98,495067.88,0.8353,0.0744
220,905.01,546228.2,0.7804,0.0745
221,1056.82,530732.06,0.8379,0.0858
222,931.06,536447.96,0.8441,0.0631
223,927.51,439328.21,0.8336,0.1015
224,1048.66,541513.89,0.786,0.0693
225,1013.4,551137.78,0.8128,0.0769
226,930.02,512744.75,0.8279,0.0427
227,822.72,485485.06,0.8526,0.0526
228,897.78,449167.74,0.8029,0.0777
229,880.4,517250.2,0.8152,0.0881
230,891.86,497093.48,0.8705,0.0552
231,926.65,451502.96,0.8306,0.0596
232,954.37,504801.47,0.8818,0.0435
233,976.21,465572.91,0.8646,0.0383
234,915.69,479499.87,0.8374,0.055
235,918.65,446063.53,0.8575,0.0799
236,876.53,469728.75,0.8521,0.0359
237,843.27,496319.81,0.871,0.0447
238,915.01,492516.87,0.8325,0.0283
239,878.96,491270.12,0.8542,0.0322
240,1028.91,528914.74,0.7836,0.0612
241,949.03,512726.67,0.8086,0.0592
242,840.5,430006.38,0.8557,0.0525
243,966.0,553423.2,0.8172,0.0532
244,971.96,512802.8,0.825,0.0684
245,861.49,426762.3,0.8446,0.0402
246,1058.72,491561.93,0.7963,0.1044
247,979.3,554833.79,0.85,0.0309
248,893.14,456991.89,0.847,0.0753
249,957.65,465325.51,0.79,0.0725
250,861.79,454710.08,0.8462,0.0337
251,976.74,539562.74,0.8203,0.0625
252,947.97,509248.89,0.8736,0.0273
253,939.14,471454.45,0.8823,0.0578
254,883.48,504611.65,0.8658,0.0368
255,906.34,529045.94,0.8029,0.0431
256,950.34,440476.5,0.7895,0.0666
257,981.05,518884.57,0.7871,0.0893
258,878.41,472189.44,0.8663,0.0789
259,948.99,501772.57,0.84,0.071
260,874.02,545951.65,0.8291,0.0445
261,937.41,490915.42,0.8134,0.0386
262,1004.5,532533.69,0.7869,0.0795
263,1045.92,548940.88,0.8035,0.0642
264,909.7,485278.29,0.8283,0.0285
265,1080.7,611048.8,0.8031,0.044
266,886.66,492973.61,0.8067,0.0205
267,1072.05,524771.06,0.7867,0.0786
268,974.62,512676.6,0.7928,0.0589
269,994.9,595122.59,0.8058,0.0416
270,852.85,493107.48,0.8235,0.0964
271,916.57,533211.43,0.8147,0.0733
272,937.96,503075.91,0.7946,0.1142
273,897.4,478959.97,0.866,0.0659
274,1053.31,542146.77,0.7974,0.0758
275,856.31,480098.26,0.8519,0.0612
276,969.73,516379.02,0.8156,0.034
277,1051.56,545587.15,0.7915,0.0657
278,883.95,532096.27,0.8709,0.0426
279,945.45,493432.59,0.813,0.0749
280,1008.3,510523.85,0.7514,0.1131
281,971.15,515956.13,0.7954,0.096
282,878.15,507651.29,0.872,0.0682
283,835.04,532073.36,0.8556,0.03
284,948.0,475933.43,0.8117,0.0663
285,928.16,492456.31,0.8254,0.0882
286,1011.28,509027.69,0.8738,0.0505
287,1015.52,520107.42,0.8043,0.1135
288,1002.58,552290.99,0.8385,0.0452
289,986.36,551623.05,0.8486,0.052
290,974.21,493491.36,0.8408,0.0748
291,1013.73,600803.06,0.7663,0.0785
292,927.62,429296.28,0.8472,0.0372
293,982.86,481429.49,0.827,0.1051
294,892.5,532794.81,0.8715,0.0312
295,941.07,508042.69,0.8379,0.03
296,1033.07,513046.83,0.809,0.085
297,871.27,481681.48,0.8349,0.0556
298,912.34,519969.65,0.8016,0.0637
299,1008.74,536974.97,0.8213,0.0654
300,1014.71,467046.61,0.8008,0.081
301,1060.33,524580.51,0.8012,0.0967
302,929.68,509671.62,0.8536,0.0268
303,947.83,502873.68,0.8,0.0654
304,904.22,477406.73,0.8532,0.0706
305,889.01,480561.21,0.8556,0.053
306,919.2,525416.67,0.8536,0.0683
307,938.62,516763.78,0.8217,0.0472
308,918.94,460838.48,0.8565,0.0725
309,960.62,510445.85,0.8114,0.0288
310,943.77,476193.92,0.7874,0.0773
311,967.43,494258.47,0.8081,0.0217
312,876.19,529981.35,0.8618,0.0726
313,832.56,488786.4,0.8556,0.0325
314,910.63,533997.05,0.8873,0.021
315,916.01,533265.05,0.8232,0.0438
316,927.64,536768.74,0.7874,0.0573
317,1041.85,502533.43,0.7844,0.1018
318,907.24,494685.04,0.7959,0.0461
319,890.51,486961.67,0.8712,0.0408
320,950.31,542036.66,0.8148,0.0548
321,1020.57,593675.52,0.849,0.0538
322,833.12,470131.4,0.8661,0.067
323,900.11,525514.4,0.8538,0.059
324,1018.93,494424.11,0.8051,0.0389
325,844.65,511453.27,0.8658,0.0506
326,921.33,512594.87,0.8692,0.0686
327,1174.56,597441.09,0.7722,0.1042
328,900.8,521424.23,0.8382,0.0333
329,843.59,529655.91,0.8459,0.0304
330,852.46,480490.59,0.841,0.0274
331,989.38,580469.35,0.806,0.0459
332,865.5,421677.34,0.8686,0.0506
333,947.13,486678.03,0.8371,0.0631
334,1003.99,509889.71,0.7983,0.0767
335,878.08,453418.02,0.8106,0.0556
336,961.17,499911.89,0.835,0.0914
337,892.15,467055.39,0.8768,0.0624
338,896.46,519692.93,0.8389,0.0438
339,997.44,492133.09,0.7976,0.0565
340,977.6,550769.05,0.8588,0.0403
341,999.28,523346.18,0.8265,0.0705
342,1022.59,563253.3,0.8056,0.0879
343,930.42,522461.37,0.8026,0.0649
344,824.66,470011.68,0.8708,0.0032
345,895.1,458771.4,0.8827,0.039
346,923.79,514593.03,0.8463,0.0109
347,1070.77,541741.6,0.8585,0.0424
348,935.33,446613.6,0.8429,0.0643
349,988.35,506571.63,0.8407,0.0914
350,1045.73,619523.96,0.8128,0.0247
351,856.89,417473.58,0.861,0.0523
352,1008.13,558321.89,0.8276,0.025
353,1069.04,607524.78,0.7867,0.0531
354,899.97,448086.94,0.8442,0.0319
355,1004.29,554105.02,0.8078,0.0756
356,834.46,440552.89,0.8332,0.0589
357,1049.77,613731.19,0.8172,0.0666
358,988.29,582702.7,0.8361,0.0576
359,1032.61,553816.23,0.8292,0.0744
360,843.83,466051.55,0.866,0.0602
361,890.41,496917.73,0.8326,0.0502
362,950.85,499154.15,0.8528,0.0528
363,907.5,466155.93,0.8422,0.0523
364,935.17,502952.99,0.8662,0.0433
365,824.9,452874.03,0.8528,0.0539
366,893.36,503732.35,0.8189,0.0838
367,979.79,539557.12,0.878,0.0573
368,890.51,494470.06,0.8265,0.0477
369,1015.25,477464.86,0.7809,0.1031
370,953.48,521830.78,0.8329,0.0517
371,873.51,474904.87,0.8647,0.0501
372,895.35,516014.69,0.8431,0.0511
373,894.09,465209.11,0.8639,0.0443
374,1002.73,474227.7,0.7809,0.0708
375,888.54,472383.22,0.8617,0.057
376,883.88,507881.26,0.8251,0.082
377,1118.56,559832.07,0.817,0.0718
378,945.24,473297.72,0.8415,0.0641
379,747.53,456570.47,0.8961,0.0295
380,943.22,495441.73,0.8488,0.0582
381,876.5,478501.75,0.8255,0.0578
382,940.88,480763.98,0.813,0.0659
383,901.96,492637.49,0.8531,0.0316
384,818.56,480354.13,0.8802,0.0239
385,893.12,514087.08,0.847,0.036
386,905.88,539216.8,0.8402,0.0454
387,968.25,482876.73,0.8243,0.0622
388,963.91,473409.5,0.8147,0.0819
389,917.35,546681.4,0.8277,0.0431
390,904.61,503575.09,0.8347,0.0929
391,910.72,472272.97,0.8321,0.0754
392,967.25,507944.07,0.8148,0.0693
393,871.92,513007.99,0.8551,0.0625
394,915.14,504482.03,0.8801,0.0477
395,961.13,465014.45,0.8464,0.07
396,980.46,464926.96,0.8373,0.0713
397,800.28,498700.6,0.8476,0.046
398,989.11,476359.3,0.8397,0.0877
399,921.23,522140.91,0.8666,0.0239
400,1054.06,605479.06,0.8154,0.0814
401,968.36,496846.13,0.8542,0.067
402,832.01,490592.33,0.8465,0.0222
403,962.53,498315.12,0.8339,0.0611
404,1020.18,520621.98,0.799,0.0651
405,911.37,508985.26,0.8182,0.0391
406,983.18,564644.2,0.8424,0.0712
407,933.07,488772.05,0.8424,0.0434
408,880.63,461928.49,0.873,0.0703
409,1017.33,527475.88,0.8098,0.0716
410,952.44,481171.27,0.8137,0.1048
411,1025.55,517426.74,0.8517,0.0438
412,997.73,502985.29,0.8225,0.0706
413,965.97,507166.74,0.8371,0.0667
414,890.42,541379.36,0.8205,0.037
415,971.34,493784.76,0.7817,0.0676
416,967.16,470254.91,0.819,0.1002
417,985.42,494357.43,0.8145,0.0969
418,925.7,558422.86,0.8155,0.0114
419,952.68,530441.29,0.7804,0.0717
420,1002.2,528706.26,0.8532,0.0504
421,968.97,532759.52,0.8205,0.0563
422,1092.0,483567.45,0.795,0.0694
423,806.97,484371.42,0.8816,0.0427
424,906.75,514174.59,0.85,0.0282
425,974.17,569207.24,0.8182,0.0715
426,959.13,516622.09,0.8183,0.1093
427,972.49,486698.59,0.8207,0.0557
428,875.86,470392.33,0.81,0.0671
429,925.88,465837.82,0.8438,0.0647
430,975.12,579266.11,0.8187,0.0438
431,1045.68,627339.08,0.8701,0.0479
432,955.68,501572.7,0.8414,0.0437
433,903.14,511191.33,0.8265,0.0556
434,888.05,500073.21,0.8462,0.0735
435,921.63,541050.96,0.8245,0.046
436,900.14,497159.47,0.8217,0.0788
437,923.8,525710.86,0.8258,0.0493
438,970.97,516840.81,0.8388,0.0509
439,936.54,541265.01,0.8304,0.0675
440,938.29,498795.26,0.8199,0.0923
441,915.6,458229.12,0.8693,0.0441
442,997.51,604588.51,0.8329,0.0562
443,890.79,460969.15,0.8463,0.0757
444,999.88,528264.67,0.8261,0.0683
445,911.48,490997.76,0.8293,0.0403
446,973.87,488741.47,0.8037,0.0639
447,986.86,523299.91,0.8333,0.0666
448,789.65,480664.63,0.8143,0.0406
449,867.27,473334.15,0.8452,0.0749
450,968.67,557743.56,0.8615,0.0537
451,864.71,452071.83,0.9181,0.001
452,920.94,501017.51,0.8069,0.0498
453,959.53,490587.32,0.8027,0.0497
454,984.2,499255.95,0.8389,0.0659
455,920.8,500506.17,0.8664,0.0654
456,928.81,520478.68,0.8719,0.0364
457,807.21,481398.79,0.8691,0.0547
458,890.96,420481.74,0.7965,0.0864
459,950.08,486920.73,0.8343,0.0407
460,905.49,519193.01,0.8413,0.0258
461,866.22,492245.92,0.8567,0.0627
462,1070.9,484862.77,0.7609,0.1136
463,908.99,435541.84,0.8288,0.0692
464,896.18,486721.74,0.859,0.0251
465,1030.36,502602.04,0.7876,0.1113
466,889.07,464961.87,0.8213,0.0746
467,1053.68,516996.26,0.7571,0.1158
468,921.31,493890.95,0.8715,0.0617
469,887.37,446179.98,0.8629,0.0617
470,1006.25,486340.22,0.7867,0.1156
471,865.35,472767.37,0.8453,0.0587
472,999.65,479203.44,0.8078,0.0616
473,998.7,499163.09,0.803,0.0298
474,822.74,508055.0,0.8676,0.0536
475,857.47,496368.25,0.8606,0.024
476,1051.84,582599.89,0.8261,0.0615
477,1171.47,585506.58,0.7707,0.0847
478,960.61,474171.91,0.8726,0.0264
479,914.26,548284.42,0.889,0.0423
480,913.88,473618.12,0.8882,0.0414
481,955.36,560200.37,0.8305,0.0667
482,909.51,492389.13,0.8394,0.0582
483,978.49,537765.32,0.8134,0.1233
484,962.51,504061.35,0.8133,0.0475
485,961.45,519023.59,0.8406,0.0516
486,950.31,521132.96,0.8292,0.0644
487,935.67,542137.26,0.8674,0.0472
488,1024.5,506686.94,0.7815,0.0764
489,871.12,498876.39,0.8782,0.0392
490,966.52,549600.63,0.8428,0.0732
491,969.76,483385.1,0.8333,0.0661
492,941.5,460254.26,0.8622,0.0512
493,911.72,569737.68,0.8508,0.0267
494,895.99,529996.49,0.8186,0.0271
495,925.93,472808.66,0.8205,0.0851
496,1016.08,579169.28,0.774,0.0762
497,893.09,449208.9,0.8571,0.085
498,929.55,490613.33,0.8301,0.0735
499,871.63,531607.56,0.818,0.061
500,1053.37,506698.23,0.8098,0.0659
501,1011.18,552850.7,0.8192,0.0521
502,946.24,523847.61,0.8477,0.058
503,950.52,516994.83,0.8291,0.0861
504,913.58,530893.82,0.8644,0.0163
505,842.12,507371.06,0.85,0.0276
506,912.16,560389.5,0.8395,0.0321
507,808.57,484372.48,0.8905,0.0303
508,830.95,433198.75,0.8777,0.0467
509,1026.22,475672.06,0.7809,0.0851
510,910.23,537020.76,0.8467,0.0386
511,989.5,596169.79,0.769,0.0742
512,897.28,460119.55,0.8164,0.0847
513,974.45,485295.12,0.8601,0.069
514,959.24,526619.56,0.785,0.0784
515,825.72,491578.7,0.8624,0.0176
516,986.14,480396.97,0.8334,0.0624
517,891.52,503422.29,0.8318,0.0595
518,835.35,504865.93,0.8546,0.0301
519,833.94,443051.59,0.8566,0.0538
520,862.62,430381.29,0.8517,0.0876
521,913.12,457860.05,0.8396,0.0501
522,984.71,502688.69,0.8118,0.0661
523,947.29,480474.56,0.8375,0.0405
524,918.39,508292.68,0.8514,0.0442
525,908.1,522043.64,0.8595,0.0021
526,947.85,513048.31,0.8484,0.0219
527,889.36,458284.06,0.8822,0.0414
528,1005.81,463456.08,0.8494,0.0337
529,940.39,540693.48,0.8258,0.0206
530,936.87,527009.17,0.8334,0.0569
531,967.43,496310.67,0.8005,0.0614
532,887.69,489798.71,0.8725,0.051
533,897.56,514733.54,0.8786,0.077
534,914.05,423169.28,0.8201,0.0863
535,963.66,512023.56,0.8277,0.0455
536,891.96,525856.84,0.8645,0.0483
537,1040.14,557708.47,0.8032,0.064
538,878.4,503748.6,0.8736,0.0499
539,911.64,467983.79,0.8829,0.0513
540,855.33,422562.52,0.8088,0.0629
541,920.03,466352.52,0.8614,0.083
542,1034.07,502587.1,0.7774,0.0855
543,904.21,530398.21,0.8666,0.026
544,1065.03,554664.01,0.7772,0.0858
545,886.23,543319.74,0.8425,0.0495
546,962.92,506799.03,0.8296,0.0735
547,949.43,508218.33,0.8316,0.0695
548,984.34,527940.67,0.7928,0.0857
549,973.93,500868.96,0.8127,0.0612
550,1026.46,531515.94,0.7843,0.0926
551,970.23,529493.23,0.8093,0.0349
552,1015.12,500503.16,0.8057,0.0807
553,891.83,475817.64,0.787,0.057
554,967.63,490614.41,0.8157,0.0589
555,954.04,473571.57,0.8381,0.0892
556,958.59,496004.81,0.8032,0.0845
557,904.64,446680.87,0.863,0.0183
558,964.97,546836.92,0.8335,0.0673
559,911.22,497046.26,0.8806,0.0495
560,941.47,468568.6,0.8529,0.0475
561,969.3,519434.45,0.844,0.0731
562,887.93,498361.78,0.8345,0.0538
563,970.39,493350.12,0.8192,0.0498
564,944.02,503417.45,0.8066,0.0655
565,935.24,499516.75,0.8449,0.0336
566,861.56,523656.03,0.8383,0.0523
567,901.57,513110.31,0.8173,0.0597
568,868.89,496985.01,0.8433,0.048
569,943.17,484424.58,0.8439,0.0617
570,925.96,561366.86,0.8524,0.0295
571,1040.5,591383.0,0.837,0.0768
572,962.5,488990.64,0.8393,0.0566
573,974.71,527718.35,0.8093,0.043
574,973.61,529995.18,0.8524,0.0563
575,935.31,465321.57,0.8451,0.0599
576,849.07,522507.61,0.8708,0.0311
577,927.98,442394.23,0.8583,0.0547
578,1033.7,531332.11,0.8303,0.055
579,884.61,503677.3,0.8047,0.0635
580,927.75,481716.22,0.8183,0.1025
581,982.33,513448.19,0.7846,0.0553
582,988.22,547008.23,0.8235,0.0518
583,1023.36,534647.73,0.8686,0.0545
584,1089.21,555581.9,0.7797,0.0885
585,983.29,521872.96,0.8163,0.0491
586,853.69,526112.04,0.8347,0.059
587,958.24,522232.28,0.7915,0.0644
588,879.43,470811.58,0.8398,0.0663
589,831.09,516869.09,0.8844,0.0465
590,881.94,491759.08,0.8154,0.0584
591,901.59,500713.08,0.7998,0.0914
592,1006.24,496350.17,0.7895,0.0585
593,982.15,506044.5,0.8773,0.0357
594,912.81,513951.79,0.8365,0.0485
595,893.76,514304.37,0.8598,0.0028
596,914.46,452288.27,0.8374,0.0409
597,882.2,493345.01,0.7877,0.0605
598,945.34,536554.81,0.8509,0.0482
599,1014.74,540646.37,0.8236,0.0464
600,915.17,443769.5,0.8474,0.0799
601,924.78,471313.47,0.8687,0.0719
602,748.55,513114.11,0.8627,0.0364
603,928.45,555479.9,0.8513,0.0606
604,918.95,533004.23,0.8556,0.0831
605,1058.36,530308.93,0.7901,0.0714
606,899.01,504244.95,0.8252,0.0683
607,943.96,509575.14,0.8243,0.0868
608,896.33,507379.17,0.8121,0.0375
609,996.94,499358.09,0.823,0.0661
610,918.92,422196.21,0.8149,0.0853
611,854.08,525629.28,0.855,0.0397
612,983.1,458147.8,0.8037,0.093
613,875.41,416324.64,0.837,0.0227
614,1032.07,514796.08,0.774,0.112
615,970.37,420827.95,0.8172,0.0829
616,872.78,472983.74,0.7955,0.0833
617,941.79,468572.55,0.8521,0.0823
618,881.07,461512.15,0.8546,0.0423
619,963.32,495465.65,0.9059,0.0233
620,934.1,488156.01,0.8919,0.0162
621,874.3,469662.02,0.8465,0.0673
622,989.78,527652.51,0.8347,0.0682
623,905.2,472472.75,0.8044,0.0328
624,952.34,540580.06,0.8281,0.0706
625,888.29,519416.89,0.8358,0.0713
626,826.52,547312.41,0.8798,0.0449
627,989.77,532339.97,0.8407,0.0571
628,957.66,485132.8,0.7828,0.0598
629,923.29,461820.46,0.8458,0.0718
630,783.5,476238.22,0.8964,0.0677
631,952.41,461213.74,0.8456,0.0662
632,950.34,505856.94,0.8636,0.038
633,1021.39,505103.75,0.7884,0.084
634,961.39,492557.05,0.7932,0.0645
635,964.77,437951.6,0.8479,0.0829
636,842.29,457614.38,0.8572,0.0617
637,884.25,541632.82,0.8419,0.052
638,926.12,421430.58,0.833,0.0771
639,1044.84,500000.97,0.763,0.0909
640,896.71,510559.7,0.8738,0.0564
641,963.03,453708.73,0.7809,0.0823
642,881.23,525868.58,0.8089,0.0309
643,924.4,433149.77,0.8955,0.05
644,955.01,454939.48,0.8034,0.069
645,835.74,435842.36,0.8772,0.0609
646,932.4,536526.23,0.8268,0.0246
647,974.44,555410.44,0.7897,0.0567
648,958.54,561079.48,0.8164,0.0572
649,1079.46,459615.03,0.7732,0.1141
650,910.52,585013.25,0.8506,0.0497
651,887.29,498116.83,0.8128,0.0791
652,974.43,498626.66,0.8175,0.0601
653,991.16,497086.8,0.8517,0.0587
654,926.96,469106.65,0.8696,0.0297
655,911.34,510741.46,0.8808,0.0656
656,822.21,540988.36,0.8885,0.0353
657,869.08,489768.07,0.8623,0.0481
658,902.27,490299.61,0.8484,0.0417
659,1114.94,582742.48,0.8148,0.0641
660,931.93,462011.44,0.8724,0.0425
661,926.75,467387.02,0.7901,0.0632
662,983.55,529081.71,0.8221,0.0512
663,900.71,482889.33,0.7895,0.0965
664,880.57,531494.78,0.8663,0.0678
665,945.16,487286.0,0.8249,0.0508
666,983.04,519358.27,0.8408,0.0629
667,955.03,489891.95,0.8187,0.0477
668,883.56,464183.7,0.8354,0.0361
669,860.37,484961.3,0.8859,0.0621
670,915.95,446535.59,0.8254,0.0616
671,874.57,439076.6,0.8813,0.0309
672,965.45,557831.57,0.8086,0.0529
673,1013.75,495887.65,0.7609,0.1059
674,865.55,485227.11,0.8492,0.0624
675,995.78,525228.09,0.8056,0.0733
676,960.61,480203.5,0.8472,0.0682
677,977.35,496620.61,0.8359,0.0437
678,916.48,492041.14,0.8567,0.0493
679,1050.06,642120.13,0.8398,0.0349
680,973.5,539173.33,0.7806,0.048
681,902.78,523593.5,0.865,0.0371
682,854.9,501590.72,0.8941,0.0432
683,912.62,509970.87,0.898,0.051
684,935.01,567742.64,0.8295,0.0681
685,832.99,426720.77,0.8567,0.0586
686,934.62,551952.48,0.8111,0.0678
687,992.39,496312.76,0.8197,0.0831
688,931.12,535674.82,0.8438,0.0081
689,913.23,542876.77,0.8212,0.0688
690,861.29,438927.2,0.8899,0.0332
691,867.38,461666.99,0.8513,0.0607
692,901.15,452717.79,0.8107,0.0408
693,828.1,415909.02,0.877,0.048
694,930.58,481542.72,0.8049,0.0573
695,987.49,502369.44,0.8046,0.0326
696,905.13,463525.28,0.8877,0.0348
697,978.96,505188.78,0.8096,0.0993
698,994.45,525157.86,0.792,0.0654
699,992.16,483222.83,0.8206,0.048
700,980.42,505616.89,0.8649,0.0423
701,959.88,457983.77,0.847,0.0685
702,978.96,515932.92,0.8368,0.0736
703,906.76,444771.03,0.8506,0.0714
704,983.11,498375.72,0.8547,0.0767
705,900.02,495792.14,0.8556,0.0495
706,981.39,540818.62,0.7843,0.0396
707,878.33,565754.69,0.8655,0.0195
708,814.42,495202.44,0.8942,0.0542
709,891.63,473546.31,0.8272,0.0759
710,1033.58,588849.51,0.8195,0.0476
711,940.74,474851.56,0.8831,0.0324
712,965.61,496632.36,0.8518,0.0558
713,998.19,491563.48,0.8463,0.0549
714,914.54,496467.85,0.7847,0.0661
715,1043.24,513185.52,0.8102,0.0453
716,1020.8,553612.53,0.8403,0.0439
717,877.02,499462.69,0.8871,0.0388
718,1123.63,555224.53,0.7587,0.1088
719,991.99,524541.24,0.82,0.0581
720,921.08,564107.5,0.797,0.0912
721,919.96,473128.05,0.8598,0.0572
722,811.48,449065.15,0.8376,0.0475
723,798.31,465147.38,0.854,0.0582
724,939.97,469692.79,0.8469,0.0596
725,934.14,465275.04,0.8428,0.0552
726,949.09,508701.94,0.8667,0.0864
727,1060.01,547033.71,0.8005,0.0731
728,979.15,492719.61,0.8016,0.0842
729,893.85,505511.36,0.8322,0.0606
730,919.13,505104.24,0.8251,0.0606
731,1027.25,497973.79,0.7778,0.0623
732,1067.57,588571.44,0.8357,0.073
733,986.52,487644.67,0.8051,0.0759
734,915.55,436495.15,0.8232,0.0749
735,943.72,509512.58,0.8524,0.0351
736,987.82,514134.7,0.8245,0.0652
737,893.65,517760.78,0.8782,0.027
738,890.23,459147.8,0.8262,0.0431
739,982.2,541619.3,0.8086,0.0798
740,938.37,512913.25,0.824,0.0746
741,961.99,521663.07,0.8171,0.0726
742,892.26,480370.06,0.8427,0.0728
743,974.44,485855.33,0.8285,0.0642
744,926.85,482464.68,0.8403,0.0685
745,959.06,471493.33,0.7859,0.0832
746,879.02,486673.04,0.8263,0.1066
747,1015.88,511409.16,0.7829,0.095
748,1053.79,523395.27,0.7921,0.0472
749,941.53,517717.17,0.8235,0.0342
750,936.86,480787.52,0.854,0.0141
751,953.44,518757.81,0.8106,0.032
752,886.18,494149.21,0.8688,0.0334
753,967.5,483622.36,0.8529,0.0532
754,906.89,421552.14,0.8268,0.0877
755,887.87,519863.64,0.8485,0.0199
756,814.02,444620.65,0.852,0.0745
757,986.7,519864.06,0.8194,0.077
758,1080.21,553748.9,0.8248,0.0485
759,886.91,523293.17,0.8852,0.0217
760,1099.09,544182.92,0.7801,0.0526
761,886.52,542870.27,0.8574,0.0644
762,1063.1,571975.7,0.8125,0.0847
763,1027.9,533431.64,0.8493,0.0455
764,1009.99,494164.16,0.7925,0.0812
765,900.84,524330.44,0.852,0.0727
766,932.8,481782.22,0.8282,0.0706
767,828.17,464698.71,0.8295,0.0413
768,1110.7,552862.48,0.7917,0.0615
769,852.4,476143.41,0.8665,0.0267
770,1016.45,543200.62,0.7834,0.0674
771,889.76,479255.81,0.8438,0.0217
772,925.09,481019.34,0.8243,0.0578
773,928.51,490252.46,0.8069,0.0752
774,795.53,462956.1,0.89,0.0177
775,998.72,510426.49,0.7485,0.0792
776,931.72,488163.11,0.8082,0.0806
777,1004.38,511241.31,0.774,0.0499
778,1052.07,585831.5,0.8097,0.0465
779,871.28,504714.67,0.8465,0.0562
780,990.92,496659.11,0.8199,0.0814
781,861.18,494517.02,0.8594,0.0338
782,1089.58,631516.39,0.7487,0.0604
783,880.79,486247.46,0.8595,0.0534
784,926.56,517312.64,0.8641,0.045
785,870.15,405769.71,0.7996,0.0612
786,890.55,542613.52,0.9004,0.0505
787,916.27,465157.85,0.8017,0.1092
788,899.23,455885.85,0.8152,0.0595
789,822.96,483435.75,0.863,0.0349
790,848.05,476723.45,0.8112,0.1058
791,923.85,473205.76,0.8808,0.051
792,1036.47,522291.12,0.8496,0.0333
793,946.24,480224.37,0.8188,0.0711
794,961.28,462836.65,0.8294,0.047
795,939.28,508536.14,0.8016,0.0737
796,954.12,563836.04,0.8215,0.0748
797,884.33,478525.19,0.8646,0.0475
798,1017.51,530362.21,0.8033,0.0516
799,836.83,458411.0,0.8322,0.0881
800,941.12,494136.0,0.8184,0.0422
801,855.61,471266.19,0.8431,0.0226
802,1016.97,500372.17,0.7985,0.0934
803,862.73,464704.27,0.8275,0.0317
804,860.69,518432.51,0.8686,0.036
805,1039.06,504703.67,0.7682,0.0739
806,972.53,451712.62,0.7844,0.1084
807,1032.12,527779.51,0.8155,0.0627
808,1022.87,518818.21,0.802,0.0738
809,1068.81,548424.57,0.8372,0.0747
810,1018.01,550756.8,0.8454,0.0935
811,879.59,509180.25,0.855,0.0421
812,865.16,514237.69,0.8719,0.0348
813,937.48,468158.33,0.8381,0.066
814,975.77,460614.87,0.8369,0.0546
815,933.14,502135.31,0.8363,0.0582
816,940.85,471847.81,0.9125,0.0568
817,1021.13,527626.32,0.8101,0.0725
818,996.17,554328.3,0.8289,0.0631
819,836.9,495637.67,0.8252,0.0728
820,1012.09,537990.05,0.8077,0.1071
821,971.51,443808.88,0.839,0.0604
822,946.59,457103.65,0.8199,0.061
823,807.98,489985.27,0.8691,0.0541
824,990.15,573422.86,0.8028,0.0777
825,972.6,489598.84,0.7927,0.0496
826,939.4,566953.28,0.8372,0.0475
827,915.45,498034.36,0.8248,0.0292
828,852.09,419135.0,0.8845,0.0427
829,880.75,542014.38,0.8574,0.0502
830,897.84,500973.59,0.8216,0.0704
831,849.12,490207.66,0.8644,0.036
832,792.93,452849.72,0.8899,0.0298
833,917.1,540767.62,0.8373,0.0477
834,981.83,552935.68,0.8127,0.0477
835,940.18,428268.72,0.7982,0.0693
836,1073.53,559176.69,0.7831,0.0999
837,948.24,479299.36,0.8351,0.022
838,945.32,490790.29,0.8263,0.0522
839,953.73,508876.64,0.8268,0.0264
840,960.88,509514.15,0.8583,0.0748
841,835.97,484582.5,0.8457,0.014
842,907.39,436233.5,0.8184,0.049
843,1000.95,497666.27,0.8033,0.0659
844,899.55,518039.78,0.8525,0.0412
845,1021.55,497007.67,0.8184,0.0644
846,982.57,436553.33,0.8206,0.0831
847,940.46,528386.95,0.8108,0.0506
848,1066.0,551387.64,0.7854,0.0724
849,1122.66,634651.5,0.7985,0.079
850,1154.0,590967.58,0.7499,0.1219
851,948.35,506091.37,0.81,0.0716
852,878.68,495615.28,0.8186,0.0247
853,952.08,494999.83,0.8196,0.0533
854,974.36,507687.5,0.8507,0.0671
855,872.57,456706.54,0.8515,0.0637
856,1015.66,468122.14,0.7908,0.0827
857,1006.32,581240.9,0.8476,0.0679
858,1015.14,573978.42,0.7684,0.0661
859,921.17,585381.99,0.8277,0.058
860,1005.13,478233.57,0.8234,0.0876
861,885.95,499610.97,0.7988,0.0875
862,945.04,496728.27,0.8441,0.0275
863,915.02,480204.61,0.8492,0.0516
864,945.15,477715.63,0.8394,0.0533
865,1151.19,538152.24,0.7918,0.0965
866,978.76,497737.23,0.8154,0.0948
867,904.63,523010.14,0.8817,0.028
868,968.99,453901.01,0.8113,0.0634
869,970.46,524348.74,0.7978,0.0717
870,1019.21,537764.56,0.8625,0.1031
871,840.19,491053.76,0.8427,0.0472
872,908.45,534492.49,0.8658,0.0774
873,995.19,512267.35,0.8402,0.0433
874,919.55,533887.84,0.8551,0.0532
875,906.23,456216.21,0.8671,0.0662
876,927.1,501640.6,0.8423,0.0489
877,1056.52,583974.17,0.8093,0.0829
878,958.43,485063.52,0.848,0.0425
879,954.12,519561.42,0.8133,0.0568
880,1082.74,519030.73,0.7712,0.0854
881,831.38,447124.85,0.8772,0.0613
882,886.72,548149.86,0.8372,0.0608
883,962.8,516697.85,0.8501,0.0532
884,949.04,461318.03,0.829,0.082
885,942.98,489154.31,0.8183,0.0469
886,902.37,437573.23,0.8007,0.1023
887,1001.87,528484.63,0.8333,0.0428
888,1030.51,562361.65,0.8201,0.0489
889,879.56,490770.31,0.8171,0.0686
890,935.31,503515.61,0.8754,0.0414
891,977.02,462393.05,0.8516,0.1015
892,882.39,510500.14,0.92,0.0547
893,961.12,549541.97,0.8375,0.0641
894,842.89,473085.07,0.838,0.085
895,1060.34,499553.82,0.8045,0.0518
896,940.77,557932.56,0.839,0.023
897,1019.32,490300.53,0.8076,0.0913
898,867.55,533783.71,0.8309,0.0483
899,1014.39,475986.2,0.7834,0.1016
